Workbook

Sheet nupcialidade
A1: ano | B1: nome_ra | C1: casamentos | D1: pop_15mais | E1: taxa_nupcialidade | F1: id_media_homem | G1: id_media_mulher
A2: 2013 | B2: RA Araçatuba | C2: 4960 | D2: 607493 | E2: 8.2 | F2: 32.8 | G2: 30.1
A3: 2013 | B3: RA Barretos | C3: 3028 | D3: 341999 | E3: 8.9 | F3: 32.2 | G3: 29.4
A4: 2013 | B4: RA Bauru | C4: 7491 | D4: 857661 | E4: 8.7 | F4: 32.6 | G4: 29.9
A5: 2013 | B5: RA Campinas | C5: 44199 | D5: 5167096 | E5: 8.6 | F5: 32.3 | G5: 29.6
A6: 2013 | B6: RA Central | C6: 6928 | D6: 784013 | E6: 8.8 | F6: 32.8 | G6: 30.1
A7: 2013 | B7: RA Franca | C7: 4583 | D7: 565832 | E7: 8.1 | F7: 31.7 | G7: 28.9
A8: 2013 | B8: RA Itapeva | C8: 3743 | D8: 395751 | E8: 9.5 | F8: 32.6 | G8: 28.9
A9: 2013 | B9: RA Marília | C9: 6216 | D9: 762427 | E9: 8.2 | F9: 32.9 | G9: 29.9
A10: 2013 | B10: RA Presidente Prudente | C10: 5860 | D10: 680722 | E10: 8.6 | F10: 33.1 | G10: 29.8
A11: 2013 | B11: RA Registro | C11: 1738 | D11: 203799 | E11: 8.5 | F11: 34.7 | G11: 30.8
A12: 2013 | B12: RA Ribeirão Preto | C12: 7967 | D12: 1026781 | E12: 7.8 | F12: 32.2 | G12: 29.5
A13: 2013 | B13: RA Santos | C13: 10455 | D13: 1346732 | E13: 7.8 | F13: 34.5 | G13: 31.4
... A193: 2024 | B193: RM São Paulo | C193: 103432 | D193: 17143326 | E193: 6 | F193: 35.9 | G193: 33.59

Sheet PERGUNTA 1
A1: Quantos casamentos tiveram em São José dos Campos no total?
A2: RA São José dos Campos | B2: =SUMIF(nupcialidade!$B$1:$B$1048564,A2,nupcialidade!$C$1:$C$1048564) -> 196082

Sheet PERGUNTA 2
A1: Quantas vezes a taxa de nupcialidade foi maior que 7?
A2: =COUNTIF(nupcialidade!$E$2:$E$1048564,">7") -> 126

Sheet PERGUNTA 3
A1: Qual a média de idade dos homens por ano?
A2: 2013 | B2: =AVERAGEIF(nupcialidade!A:A,A2,nupcialidade!F:F) -> 32.8375
A3: 2014 | B3: =AVERAGEIF(nupcialidade!A:A,A3,nupcialidade!F:F) -> 33.15
A4: 2015 | B4: =AVERAGEIF(nupcialidade!A:A,A4,nupcialidade!F:F) -> 33.36875
A5: 2016 | B5: =AVERAGEIF(nupcialidade!A:A,A5,nupcialidade!F:F) -> 33.71875
A6: 2017 | B6: =AVERAGEIF(nupcialidade!A:A,A6,nupcialidade!F:F) -> 34.125
A7: 2018 | B7: =AVERAGEIF(nupcialidade!A:A,A7,nupcialidade!F:F) -> 34.4125
A8: 2019 | B8: =AVERAGEIF(nupcialidade!A:A,A8,nupcialidade!F:F) -> 34.9
A9: 2020 | B9: =AVERAGEIF(nupcialidade!A:A,A9,nupcialidade!F:F) -> 35.15
A10: 2021 | B10: =AVERAGEIF(nupcialidade!A:A,A10,nupcialidade!F:F) -> 35.25625
A11: 2022 | B11: =AVERAGEIF(nupcialidade!A:A,A11,nupcialidade!F:F) -> 35.925
A12: 2023 | B12: =AVERAGEIF(nupcialidade!A:A,A12,nupcialidade!F:F) -> 36.1125
A13: 2024 | B13: =AVERAGEIF(nupcialidade!A:A,A13,nupcialidade!F:F) -> 36.279375

Sheet PERGUNTA 4
A1: Quais munícipios a idade da mulher era maior que 30 em 2014?
A2: RA Araçatuba | B2: =IFS(nupcialidade!G2>30, "Foi maior", nupcialidade!G2<31, "Não foi maior") -> Foi maior
A3: RA Barretos | B3: =IFS(nupcialidade!G3>30, "Foi maior", nupcialidade!G3<31, "Não foi maior") -> Não foi maior
A4: RA Bauru | B4: =IFS(nupcialidade!G4>30, "Foi maior", nupcialidade!G4<31, "Não foi maior") -> Não foi maior
A5: RA Campinas | B5: =IFS(nupcialidade!G5>30, "Foi maior", nupcialidade!G5<31, "Não foi maior") -> Não foi maior
A6: RA Central | B6: =IFS(nupcialidade!G6>30, "Foi maior", nupcialidade!G6<31, "Não foi maior") -> Foi maior
A7: RA Franca | B7: =IFS(nupcialidade!G7>30, "Foi maior", nupcialidade!G7<31, "Não foi maior") -> Não foi maior
A8: RA Itapeva | B8: =IFS(nupcialidade!G8>30, "Foi maior", nupcialidade!G8<31, "Não foi maior") -> Não foi maior
A9: RA Marília | B9: =IFS(nupcialidade!G9>30, "Foi maior", nupcialidade!G9<31, "Não foi maior") -> Não foi maior
A10: RA Presidente Prudente | B10: =IFS(nupcialidade!G10>30, "Foi maior", nupcialidade!G10<31, "Não foi maior") -> Não foi maior
A11: RA Registro | B11: =IFS(nupcialidade!G11>30, "Foi maior", nupcialidade!G11<31, "Não foi maior") -> Foi maior
A12: RA Ribeirão Preto | B12: =IFS(nupcialidade!G12>30, "Foi maior", nupcialidade!G12<31, "Não foi maior") -> Não foi maior
A13: RA Santos | B13: =IFS(nupcialidade!G13>30, "Foi maior", nupcialidade!G13<31, "Não foi maior") -> Foi maior
... A17: RM São Paulo | B17: =IFS(nupcialidade!G17>30, "Foi maior", nupcialidade!G17<31, "Não foi maior") -> Foi maior

Sheet PERGUNTA 5
A1: Qual porcentagem da população de São Paulo era maior de 15 anos em 2024?
A2: POPULAÇÃO TOTAL | B2: 45973194
A3: POPULAÇÃO 15+ | B3: 17143326
A4: PORCENTAGEM | B4: =B3/B2 -> 0.3728983
